Name_graph_file,ParamSimu.nb_day,ParamSimu.nb_cont,ParamSimu.nb_MC,ParametreCovid.mu_incub,ParametreCovid.sigma_incub,ParametreCovid.mu_dt_cont,ParametreCovid.sigma_dt_cont,ParametreCovid.mu_deb,ParametreCovid.sigma_deb,ParametreCovid.mu_prob,ParametreCovid.sigma_prob,ParamPop.nb_out,ParamPop.nb_in,ParamPop.taux_etud,ParamPop.nbperclass,ParamPop.nbperamphi,ParamPop.lambda_tissu,ParamPop.m2_employ,DistanceC.minD_tissu,DistanceC.maxD_tissu,DistanceC.minD_htissu,DistanceC.maxD_htissu,DistanceC.minD_menage,DistanceC.maxD_menage,DistanceC.minD_resto,DistanceC.maxD_resto,NameFolder
SaintVicNoChildrenLeftBehind,60,5,2,5,1.4142135623730951,5,1.4142135623730951,4,2.0,0.05,0.005,1000,35000,0.8,30,40,5,20,1,3,5,5,1,5,0.5,0.5,2021-07-08T111020
SaintVicNoChildrenLeftBehind,60,5,2,5,1.4142135623730951,5,1.4142135623730951,4,2.0,0.05,0.005,1000,35000,0.8,30,40,5,20,1,3,5,5,1,5,0.5,0.5,2021-07-08T111020
SaintVicNoChildrenLeftBehind,60,5,2,5,1.4142135623730951,5,1.4142135623730951,4,2.0,0.05,0.005,1000,35000,0.8,30,40,5,20,1,3,5,5,1,5,0.5,0.5,2021-07-08T111020
SaintVicNoChildrenLeftBehind,60,5,2,5,1.4142135623730951,5,1.4142135623730951,4,2.0,0.05,0.005,1000,35000,0.8,30,40,5,20,1,3,5,5,1,5,0.5,0.5,2021-07-08T111020
SaintVicNoChildrenLeftBehind,60,5,2,5,1.4142135623730951,5,1.4142135623730951,4,2.0,0.05,0.005,1000,35000,0.8,30,40,5,20,1,3,5,5,1,5,0.5,0.5,2021-07-08T111020
SaintVicNoChildrenLeftBehind,60,5,2,5,1.4142135623730951,5,1.4142135623730951,4,2.0,0.05,0.005,1000,35000,0.8,30,40,5,20,1,3,5,5,1,5,0.5,0.5,2021-07-08T111020
SaintVicNoChildrenLeftBehind,60,5,2,5,1.4142135623730951,5,1.4142135623730951,4,2.0,0.05,0.005,1000,35000,0.8,30,40,5,20,1,3,5,5,1,5,0.5,0.5,2021-07-08T111020
SaintVicNoChildrenLeftBehind,60,5,1,5,1.4142135623730951,5,1.4142135623730951,4,2.0,0.05,0.005,1000,35000,0.8,30,40,5,20,1,3,5,5,1,5,0.5,0.5,2021-07-12T153817
SaintVicNoChildrenLeftBehind,60,5,1,5,1.4142135623730951,5,1.4142135623730951,4,2.0,0.05,0.005,1000,35000,0.8,30,40,5,20,1,3,5,5,1,5,0.5,0.5,Res_MPI
SaintVicNoChildrenLeftBehind,60,5,1,5,1.4142135623730951,5,1.4142135623730951,4,2.0,0.05,0.005,1000,35000,0.8,30,40,5,20,1,3,5,5,1,5,0.5,0.5,Res_MPI
SaintVicNoChildrenLeftBehind,60,5,1,5,1.4142135623730951,5,1.4142135623730951,4,2.0,0.05,0.005,1000,35000,0.8,30,40,5,20,1,3,5,5,1,5,0.5,0.5,Res_MPI
SaintVicNoChildrenLeftBehind,60,5,1,5,1.4142135623730951,5,1.4142135623730951,4,2.0,0.05,0.005,1000,35000,0.8,30,40,5,20,1,3,5,5,1,5,0.5,0.5,Res_MPI
SaintVicNoChildrenLeftBehind,60,5,1,5,1.4142135623730951,5,1.4142135623730951,4,2.0,0.05,0.005,1000,35000,0.8,30,40,5,20,1,3,5,5,1,5,0.5,0.5,Res_MPI
SaintVicNoChildrenLeftBehind,60,5,1,5,1.4142135623730951,5,1.4142135623730951,4,2.0,0.05,0.005,1000,35000,0.8,30,40,5,20,1,3,5,5,1,5,0.5,0.5,Res_MPI
SaintVicNoChildrenLeftBehind,60,5,1,5,1.4142135623730951,5,1.4142135623730951,4,2.0,0.05,0.005,1000,35000,0.8,30,40,5,20,1,3,5,5,1,5,0.5,0.5,Res_MPI
SaintVicNoChildrenLeftBehind,60,5,1,5,1.4142135623730951,5,1.4142135623730951,4,2.0,0.05,0.005,1000,35000,0.8,30,40,5,20,1,3,5,5,1,5,0.5,0.5,Res_MPI
SaintVicNoChildrenLeftBehind,60,5,1,5,1.4142135623730951,5,1.4142135623730951,4,2.0,0.05,0.005,1000,35000,0.8,30,40,5,20,1,3,5,5,1,5,0.5,0.5,Res_MPI
SaintVicNoChildrenLeftBehind,60,5,1,5,1.4142135623730951,5,1.4142135623730951,4,2.0,0.05,0.005,1000,35000,0.8,30,40,5,20,1,3,5,5,1,5,0.5,0.5,Res_MPI
SaintVicNoChildrenLeftBehind,60,5,1,5,1.4142135623730951,5,1.4142135623730951,4,2.0,0.05,0.005,1000,35000,0.8,30,40,5,20,1,3,5,5,1,5,0.5,0.5,Res_MPI
SaintVicNoChildrenLeftBehind,60,5,1,5,1.4142135623730951,5,1.4142135623730951,4,2.0,0.05,0.005,1000,35000,0.8,30,40,5,20,1,3,5,5,1,5,0.5,0.5,Res_MPI
SaintVicNoChildrenLeftBehind,60,5,1,5,1.4142135623730951,5,1.4142135623730951,4,2.0,0.05,0.005,1000,35000,0.8,30,40,5,20,1,3,5,5,1,5,0.5,0.5,Res_MPI
SaintVicNoChildrenLeftBehind,60,5,1,5,1.4142135623730951,5,1.4142135623730951,4,2.0,0.05,0.005,1000,35000,0.8,30,40,5,20,1,3,5,5,1,5,0.5,0.5,Res_MPI
SaintVicNoChildrenLeftBehind,60,5,1,5,1.4142135623730951,5,1.4142135623730951,4,2.0,0.05,0.005,1000,35000,0.8,30,40,5,20,1,3,5,5,1,5,0.5,0.5,2021-07-16T134728
SaintVicNoChildrenLeftBehind,60,5,1,5,1.4142135623730951,5,1.4142135623730951,4,2.0,0.05,0.005,1000,35000,0.8,30,40,5,20,1,3,5,5,1,5,0.5,0.5,Res_MPI
SaintVicNoChildrenLeftBehind,60,5,1,5,1.4142135623730951,5,1.4142135623730951,4,2.0,0.05,0.005,1000,35000,0.8,30,40,5,20,1,3,5,5,1,5,0.5,0.5,Res_MPI
SaintVicNoChildrenLeftBehind,60,5,1,5,1.4142135623730951,5,1.4142135623730951,4,2.0,0.05,0.005,1000,35000,0.8,30,40,5,20,1,3,5,5,1,5,0.5,0.5,2021-07-20T145136
SaintVicNoChildrenLeftBehind,60,5,1,5,1.4142135623730951,5,1.4142135623730951,4,2.0,0.05,0.005,1000,35000,0.8,30,40,5,20,1,3,5,5,1,5,0.5,0.5,2021-07-20T151535
SaintVicNoChildrenLeftBehind,60,5,1,5,1.4142135623730951,5,1.4142135623730951,4,2.0,0.15,0.005,1000,35000,0.8,30,40,5,20,1,3,5,5,1,5,0.5,0.5,2021-07-20T152259
SaintVicNoChildrenLeftBehind,60,5,1,5,1.4142135623730951,5,1.4142135623730951,4,2.0,0.15,0.005,1000,35000,0.8,30,40,5,20,1,3,5,5,1,5,0.5,0.5,2021-07-20T155132
